<?xml version="1.0" encoding="UTF-8"?>
<!DOCTYPE widget SYSTEM "/entities.dtd">

<widget	xmlns:f="http://bar.yandex.ru/dev/functional"
		name="&widget.name;"
		icon="styles/gfx/ok.png"
		unique="true"
		bar-api="native">
    <modules>
        <module browser="firefox" file="modules/main.jsm" />
    </modules>
	
	<f:setting name="update-interval" scope="instance" default="10">
        <control type="textedit" label="&settings.update-interval-label;" label-after="&settings.update-interval-min;" value-type="int" min="0" max="1000" spin="5"/>
    </f:setting>
    <f:setting name="show-messages" scope="instance" default="true">
        <control type="checkbox" label="&settings.show-messages;"/>
    </f:setting>
    <f:setting name="show-notifications" scope="instance" default="false">
        <control type="checkbox" label="&settings.show-notifications;"/>
    </f:setting>
    <f:setting name="show-guests" scope="instance" default="true">
        <control type="checkbox" label="&settings.show-guests;"/>
    </f:setting>
    <f:setting name="show-marks" scope="instance" default="false">
        <control type="checkbox" label="&settings.show-marks;"/>
    </f:setting>
	<f:setting name="show-bd" scope="instance" default="false">
        <control type="checkbox" label="&settings.show-bd;"/>
    </f:setting>
</widget>