﻿<?xml version="1.0" encoding="utf-8"?>
<!DOCTYPE messages SYSTEM "srs.dtd">
<messages>
	<message key="widget-name" value="&srs.widget.name;"/>
    <message key="widget-help" value="&srs.widget.knowMore;" />
    <message key="clearHistory" value="&srs.widget.clearHistory;" />
    <message key="returnClosed" value="&srs.widget.returnClosed;" />
    <message key="hideSuggest" value="&srs.widget.hideSuggest;" />
    <message key="removeSuggest" value="&srs.widget.closeSuggest;" />
    <message key="suggestTitle" value="&srs.widget.searchYandex;" />
    
    <message key="browserUnsupported" value="&srs.widget.browserUnsupported;" />
    <message key="knowMore" value="&srs.widget.knowMore;" />
    <message key="emptyHistory" value="&srs.widget.emptyHistory;" />
    <message key="settingsRestored" value="&srs.widget.settingsRestored;" />
    <message key="searchDomain" value="&srs.widget.searchDomain;" />
	<message key="closeBox" value="&srs.widget.closeBox;" />
	<message key="setup" value="&srs.widget.setup;" />

</messages>
