﻿<?xml version="1.0" encoding="utf-8"?>
<!DOCTYPE widget SYSTEM "odnoklassniki.dtd">
<widget icon="main.png" name="&odn.name;" unique="true" bar-api="native">
	<setting name="save" scope="package" />
	
    <setting name="update-interval" scope="widget" default="10">
        <control type="textedit" label="&setup.update-interval-label;" label-after="&setup.update-interval-min;" value-type="int" min="0" max="1000" spin="5"/>
    </setting>
	
    <setting name="show-msg" scope="widget" default="true">
        <control type="checkbox" label="&setup.show-messages;"/>
    </setting>
	
    <setting name="show-notif" scope="widget" default="false">
        <control type="checkbox" label="&setup.show-notif;"/>
    </setting>
	
    <setting name="show-guest" scope="widget" default="true">
        <control type="checkbox" label="&setup.show-guest;"/>
    </setting>
	
    <setting name="show-photo" scope="widget" default="false">
        <control type="checkbox" label="&setup.show-photo;"/>
    </setting>
	
    <setting name="show-happy" scope="widget" default="false">
        <control type="checkbox" label="&setup.show-happy;"/>
    </setting>

	<modules>
		<module browser="ie" architecture="x86" file="odnoklassniki.dll"/>
	</modules>
	
</widget>
