﻿<?xml version="1.0" encoding="utf-8"?>
<!DOCTYPE SearchScopes SYSTEM "smartbox.dtd">
<SearchScopes xmlns="http://bar-widgets.yandex.ru/smartbox">
	<Scope mask="http://yandex\.(ru|net)/yandsearch">
		<SearchText>&YaSearch.SearchText;</SearchText>
		<ShortName>Яндекс</ShortName>
		<Description>Яндекс</Description>
		<Url type="text/html" template="http://www.yandex.ru"/>
		<Url rel="suggestions" type="application/x-suggestions+json" template="http://suggest.yandex.net/suggest-ff.cgi?nav=yes&amp;part={searchTerms}"/>
		<Url rel="search-form" type="text/html" template="http://yandex.ru/yandsearch?text={searchTerms}&amp;clid=1773557"/>
		<Image>icons/fav-yandex.png</Image>
		<InputEncoding>UTF-8</InputEncoding>
	</Scope>
	<Scope mask="http://search\.live\.">
		<ShortName>Bing</ShortName>
		<Image>icons/fav-bing.png</Image>
	</Scope>
</SearchScopes>
