<?xml version="1.0" encoding="utf-8"?>
<!DOCTYPE messages SYSTEM "smartbox.dtd">
<messages>
	<message key="DropDown.OpenTab" value="&DropDown.OpenTab;"/>
	<message key="DropDown.Search"  value="&DropDown.Search;"/>
    <message key="DropDown.Navigate" value="&DropDown.Navigate;"/>
	
	<message key="DropDownOptions.ToggleExpandedState" value="&DropDownOptions.ToggleExpandedState;"/>
	<message key="DropDownOptions.DisableSuggest"      value="&DropDownOptions.DisableSuggest;"/>
	<message key="DropDownOptions.EnabledSuggest"      value="&DropDownOptions.EnabledSuggest;"/>
	<message key="DropDownOptions.AddSearchProvider"     value="&DropDownOptions.AddSearchProvider;"/>
	<message key="DropDownOptions.AddSearchProviderLink" value="&DropDownOptions.AddSearchProviderLink;"/>
	
	<message key="Settings.BrowserUnsupportedText" value="&Settings.BrowserUnsupportedText;" />
	<message key="Settings.BrowserUnsupportedUrl"  value="&Settings.BrowserUnsupportedUrl;" />
</messages>
