<?xml version="1.0" encoding="utf-8"?>
<!DOCTYPE widget SYSTEM "rambler.dtd">
<widget icon="icons/ramblersend.png" name="&rambler.write.name;" unique="true" xmlns="http://bar.yandex.ru/dev/gui" xmlns:f="http://bar.yandex.ru/dev/functional">
    <f:setting name="show_label" scope="widget" default="true">
        <control type="checkbox" label="&rambler.write.settings.checktext;"/>
    </f:setting>
    <f:data name="cookie">
        <f:cookie>
            <f:value type="string">http://rambler.ru/</f:value>
            <f:value type="string">rlogin</f:value>
        </f:cookie>
    </f:data>
    <f:data name="rsid">
        <f:cookie>
            <f:value type="string">http://rambler.ru/</f:value>
            <f:value type="string">rsid</f:value>
            <f:value type="bool">true</f:value>
        </f:cookie>
    </f:data>
    <f:data name="is_logged">
        <f:and>
            <f:not>
                <f:is-empty>
                    <f:value-of name="rsid"/>
                </f:is-empty>
            </f:not>
            <f:not>
                <f:is-empty>
                    <f:value-of name="cookie"/>
                </f:is-empty>
            </f:not>
        </f:and>
    </f:data>
    <button>
        <url>
            <f:if>
                <f:value-of name="is_logged"/>
                <f:value type="string">&rambler.write_letter.url;</f:value>
                <f:value type="string">&rambler.notlogged.url;</f:value>
            </f:if>
        </url>
        <icon>
            <f:if>
                <f:value-of name="is_logged"/>
                <f:value type="string">icons/ramblersend.png</f:value>
                <f:value type="string">icons/ramblersendlock.png</f:value>
            </f:if>
        </icon>
        <text>
            <f:if>
                <f:value-of name="show_label"/>
                <f:value type="string">&rambler.write;</f:value>
                <f:value type="string"/>
            </f:if>
        </text>
        <f:optional>
            <f:not>
                <f:value-of name="is_logged"/>
            </f:not>
            <tooltip>
                <grid>
                    <row>
                        <cell>&rambler.write.tooltip.one;</cell>
                    </row>
                    <row>
                        <cell>&rambler.write.tooltip.two;</cell>
                    </row>
                </grid>
            </tooltip>
        </f:optional>
        <f:optional>
            <f:value-of name="is_logged"/>
            <tooltip>&rambler.write.tooltip.good;</tooltip>
        </f:optional>
    </button>
</widget>
