﻿<?xml version="1.0" encoding="utf-8"?>
<!DOCTYPE messages SYSTEM "vkontakte.dtd">
<messages>
	<message key="vk.menu.update" value="&vk.menu.update;"/>
	<message key="vk.menu.no_name" value="&vk.menu.no_name;"/>
	<message key="vk.tooltip.need_auth" value="&vk.tooltip.need_auth;"/>

	<message key="vk.main.tooltip" value="&vk.main.tooltip;"/>
	<message key="vk.main.tooltip_auth" value="&vk.main.tooltip_auth;"/>
	<message key="vk.main.menu.mypage" value="&vk.main.menu.mypage;"/>
	<message key="vk.main.menu.msg" value="&vk.main.menu.msg;"/>
	<message key="vk.main.menu.friends" value="&vk.main.menu.friends;"/>
	<message key="vk.main.menu.events" value="&vk.main.menu.events;"/>
	<message key="vk.main.menu.groups" value="&vk.main.menu.groups;"/>
	<message key="vk.main.menu.photo" value="&vk.main.menu.photo;"/>
	<message key="vk.main.menu.video" value="&vk.main.menu.video;"/>
	<message key="vk.main.menu.notes" value="&vk.main.menu.notes;"/>
	<message key="vk.main.menu.audio" value="&vk.main.menu.audio;"/>
	<message key="vk.main.menu.feed" value="&vk.main.menu.feed;"/>
	<message key="vk.main.menu.fave" value="&vk.main.menu.fave;"/>
	<message key="vk.main.menu.matches" value="&vk.main.menu.matches;"/>
	<message key="vk.main.menu.opinions" value="&vk.main.menu.opinions;"/>
	<message key="vk.main.menu.apps" value="&vk.main.menu.apps;"/>
	<message key="vk.main.menu.questions" value="&vk.main.menu.questions;"/>
	<message key="vk.main.menu.settings" value="&vk.main.menu.settings;"/>
	<message key="vk.main.menu.logout" value="&vk.main.menu.logout;"/>

	<message key="vk.msg.tooltip_empty" value="&vk.msg.tooltip_empty;"/>
	<message key="vk.msg.tooltip_auth" value="&vk.msg.tooltip_auth;"/>
	<message key="vk.msg.tooltip_not_empty0" value="&vk.msg.tooltip_not_empty0;"/>
	<message key="vk.msg.tooltip_not_empty1" value="&vk.msg.tooltip_not_empty1;"/>
	<message key="vk.msg.tooltip_not_empty2" value="&vk.msg.tooltip_not_empty2;"/>
	<message key="vk.msg.menu.mymsg" value="&vk.msg.menu.mymsg;"/>

	<message key="vk.photo.tooltip_empty" value="&vk.photo.tooltip_empty;"/>
	<message key="vk.photo.tooltip_auth" value="&vk.photo.tooltip_auth;"/>

	<message key="vk.video.tooltip_empty" value="&vk.video.tooltip_empty;"/>
	<message key="vk.video.tooltip_auth" value="&vk.video.tooltip_auth;"/>

	<message key="vk.friend.tooltip_empty" value="&vk.friend.tooltip_empty;"/>
	<message key="vk.friend.tooltip_auth" value="&vk.friend.tooltip_auth;"/>
	<message key="vk.friend.tooltip_not_empty0" value="&vk.friend.tooltip_not_empty0;"/>
	<message key="vk.friend.tooltip_not_empty1" value="&vk.friend.tooltip_not_empty1;"/>
	<message key="vk.friend.tooltip_not_empty2" value="&vk.friend.tooltip_not_empty2;"/>
	<message key="vk.friend.menu.myfriends" value="&vk.friend.menu.myfriends;"/>
	<message key="vk.friend.menu.my_new_friends" value="&vk.friend.menu.my_new_friends;"/>

	<message key="vk.event.tooltip" value="&vk.event.tooltip;"/>
	<message key="vk.event.tooltip_auth" value="&vk.event.tooltip_auth;"/>

	<message key="vk.group.tooltip" value="&vk.group.tooltip;"/>
	<message key="vk.group.tooltip_auth" value="&vk.group.tooltip_auth;"/>

	<message key="vk.note.tooltip" value="&vk.note.tooltip;"/>
	<message key="vk.note.tooltip_auth" value="&vk.note.tooltip_auth;"/>
</messages>
