﻿<?xml version="1.0" encoding="utf-8"?>
<!DOCTYPE widget SYSTEM "vkontakte.dtd">
<widget icon="icons/profile.png" name="&vk.name;" unique="true" bar-api="native">
	<setting name="show_name" scope="instance" default="false">
		<control label="&settings.show_name;" type="checkbox" value-type="bool"/>
	</setting>
	<setting name="msg_button" scope="instance" default="true">
		<control label="&settings.msg_button;" type="checkbox" value-type="bool"/>
	</setting>
	<setting name="friends_button" scope="instance" default="true">
		<control label="&settings.friends_button;" type="checkbox" value-type="bool"/>
	</setting>
	<setting name="events_button" scope="instance" default="false">
		<control label="&settings.events_button;" type="checkbox" value-type="bool"/>
	</setting>
	<setting name="groups_button" scope="instance" default="false">
		<control label="&settings.groups_button;" type="checkbox" value-type="bool"/>
	</setting>
	<setting name="photo_button" scope="instance" default="true">
		<control label="&settings.photo_button;" type="checkbox" value-type="bool"/>
	</setting>
	<setting name="video_button" scope="instance" default="true">
		<control label="&settings.video_button;" type="checkbox" value-type="bool"/>
	</setting>
	<setting name="notes_button" scope="instance" default="false">
		<control label="&settings.notes_button;" type="checkbox" value-type="bool"/>
	</setting>
	<setting name="update_interval" scope="instance" default="5">
		<control label="&settings.update.label;" label-after="&settings.update.after;" max="1000" min="1" type="textedit" value-type="int" spin="1"/>
	</setting>
	<setting name="access_token" scope="instance" default=""/>
	<setting name="user_id" scope="instance" default=""/>
	<modules>
		<module browser="ie" architecture="x86" file="vkontakte.dll" />
	</modules>
</widget>
