﻿<?xml version="1.0" encoding="utf-8"?>
<!DOCTYPE widget SYSTEM "facebook.dtd">
<widget icon="facebook.png" name="&facebook.widget.name;" unique="true" bar-api="native">
	<setting name="save" scope="package" />

	<setting name="friend" scope="instance" default="false">
        <control type="checkbox" label="&facebook.settings.friend;"/>
    </setting>
	
	<setting name="messages" scope="instance" default="false">
        <control type="checkbox" label="&facebook.settings.messages;"/>
    </setting>

	<setting name="notifications" scope="instance" default="false">
        <control type="checkbox" label="&facebook.settings.notifications;"/>
    </setting>

	<setting name="share" scope="instance" default="false">
        <control type="checkbox" label="&facebook.settings.share;"/>
    </setting>

    <setting name="update-interval" scope="instance" default="2">
        <control label="&facebook.settings.label;" label-after="&facebook.settings.label_after;" max="1000" min="0" type="textedit" value-type="int"/>
    </setting>
    
	<setting name="newmsgsys" scope="instance" default="false">
        <control type="checkbox" label="&facebook.settings.msgsys;"/>
    </setting>
	
	<setting name="hideallbtn" scope="instance" default="true">
        <control type="checkbox" label="&facebook.settings.hideallbtn;"/>
    </setting>

	<modules>
		<module browser="ie" architecture="x86" file="facebook.dll"/>
	</modules>
</widget>
