<?xml version="1.0"?>
<!DOCTYPE component [
  <!ENTITY % srsDTD SYSTEM "srs.dtd">
  %srsDTD;
]>
<gui:component xmlns="http://www.mozilla.org/keymaster/gatekeeper/there.is.only.xul"
               xmlns:gui="http://bar.yandex.ru/dev/native/gui"
               xmlns:html="http://www.w3.org/1999/xhtml">
    <html:script type="application/x-javascript">
        <![CDATA[
        JSProtoObject = {
            open: function() {
                var api = JSNativeModule.core.api;
                var navOptions = {
                    url: api.Package.resolvePath("welcome/index.html"),
                    target: "new window"
                };
                api.Controls.navigateBrowser(navOptions);
            },
            
            dropHistoryClick: function(element) {
                JSNativeModule.core.dropStore("history");
				element.setAttribute("class", "monospaced");
                element.setAttribute("value", JSNativeModule.core.getString("historyIsEmpty"));
            },
            
            dropVisibilityClick: function(element) {
                JSNativeModule.core.dropStore("visibility");
                element.setAttribute("class", "monospaced");
                element.setAttribute("value", JSNativeModule.core.getString("suggestRestored"));
            }
        }
        ]]>
    </html:script>
    <gui:gui>
        <gui:nodes>
            <hbox align="center">
                <label value="&show.page.label;" class="text-link" 
                       onclick="JSProtoObject.open();"/>
                <hbox flex="1"/>
                <label value="&show.page.drop.history.label;" class="text-link"
                       onclick="JSProtoObject.dropHistoryClick(this);"/>
                <label value="&show.page.drop.closed.label;" class="text-link"
                       onclick="JSProtoObject.dropVisibilityClick(this);"/>
            </hbox>
        </gui:nodes>
    </gui:gui>
</gui:component>
