<?xml version="1.0" encoding="UTF-8"?>
<!DOCTYPE widget SYSTEM "/facebook.dtd">

<widget xmlns:f="http://bar.yandex.ru/dev/functional" name="&facebook.widget.name;" icon="/content/icons/facebook.png" unique="true" bar-api="native">
	<f:setting name="show-friend-requests-button" scope="widget" default="false">
		<control type="checkbox" label="&facebook.widget.setting.show-friend-requests-button;"/>
	</f:setting>
	
	<f:setting name="show-messages-button" scope="widget" default="false">
		<control type="checkbox" label="&facebook.widget.setting.show-messages-button;"/>
	</f:setting>

	<f:setting name="show-notifications-button" scope="widget" default="false">
		<control type="checkbox" label="&facebook.widget.setting.show-notifications-button;"/>
	</f:setting>

	<f:setting name="show-share-button" scope="widget" default="false">
		<control type="checkbox" label="&facebook.widget.setting.show-share-button;"/>
	</f:setting>

	<f:setting name="update-interval" scope="widget" default="2">
		<control type="textedit" label="&facebook.widget.setting.update-interval;" label-after="&facebook.widget.setting.update-interval-units;" value-type="int" min="1" max="10" spin="1" empty-default="3" />
	</f:setting>
	
	<f:setting name="use-modern-messaging" scope="widget" default="false">
		<control type="checkbox" label="&facebook.widget.setting.use-modern-messaging;"/>
	</f:setting>

	<f:setting name="show-fake-buttons-on-logout" scope="widget" default="true"> <!-- XXX reverse logic -->
		<control type="checkbox" label="&facebook.widget.setting.hide-buttons-on-logout;"/>
	</f:setting>

    <modules>
        <module browser="firefox" file="/modules/facebook.jsm" />
    </modules>
</widget>