<?xml version="1.0" encoding="UTF-8"?>
<!DOCTYPE widget SYSTEM "vkontakte.dtd">

<widget name="&vkontakte.name;"
        icon="xb-skin/default/images/icons/profile/normal.png"
		unique="true"
		bar-api="native"
        xmlns:f="http://bar.yandex.ru/dev/functional">

    <f:setting name="display-username" scope="widget" default="false">
        <control type="checkbox" label="&vkontakte.settings.display-username;"/>
    </f:setting>

    <f:setting name="display-button-messages" scope="widget" default="true">
        <control type="checkbox" label="&vkontakte.settings.display-button-messages;"/>
    </f:setting>

    <f:setting name="display-button-friends" scope="widget" default="true">
        <control type="checkbox" label="&vkontakte.settings.display-button-friends;"/>
    </f:setting>

    <f:setting name="display-button-events" scope="widget" default="false">
        <control type="checkbox" label="&vkontakte.settings.display-button-events;"/>
    </f:setting>

    <f:setting name="display-button-groups" scope="widget" default="false">
        <control type="checkbox" label="&vkontakte.settings.display-button-groups;"/>
    </f:setting>

    <f:setting name="display-button-photos" scope="widget" default="true">
        <control type="checkbox" label="&vkontakte.settings.display-button-photos;"/>
    </f:setting>

    <f:setting name="display-button-video" scope="widget" default="true">
        <control type="checkbox" label="&vkontakte.settings.display-button-video;"/>
    </f:setting>

    <f:setting name="display-button-notes" scope="widget" default="false">
        <control type="checkbox" label="&vkontakte.settings.display-button-notes;"/>
    </f:setting>

    <f:setting name="update-interval" scope="widget" default="5">
        <control type="textedit" value-type="int" min="1" max="1000" spin="5"
                 label="&vkontakte.settings.update-interval-before;"
                 label-after="&vkontakte.settings.update-interval-after;"/>
    </f:setting>

    <modules>
        <module browser="firefox" file="modules/main.jsm" />
    </modules>
</widget>